"filename", "language", "C++", "Batch", "Markdown", "Lua", "Python", "YAML", "C", "CMake", "XML", "Objective-C++", "HTML", "GLSL", "Groovy", "Shell Script", "comment", "blank", "total"
"c:\GitHub\Terraria-Clone\README.md", "Markdown", 0, 0, 2, 0, 0, 0, 0, 0, 0, 0, 0, 0, 0, 0, 0, 1, 3
"c:\GitHub\Terraria-Clone\build.bat", "Batch", 0, 4, 0, 0, 0, 0, 0, 0, 0, 0, 0, 0, 0, 0, 0, 0, 4
"c:\GitHub\Terraria-Clone\customHeaders\random.h", "C++", 19, 0, 0, 0, 0, 0, 0, 0, 0, 0, 0, 0, 0, 0, 3, 3, 25
"c:\GitHub\Terraria-Clone\customHeaders\vec2d.cpp", "C++", 25, 0, 0, 0, 0, 0, 0, 0, 0, 0, 0, 0, 0, 0, 0, 6, 31
"c:\GitHub\Terraria-Clone\customHeaders\vec2d.h", "C++", 128, 0, 0, 0, 0, 0, 0, 0, 0, 0, 0, 0, 0, 0, 7, 32, 167
"c:\GitHub\Terraria-Clone\customHeaders\vec2f.cpp", "C++", 11, 0, 0, 0, 0, 0, 0, 0, 0, 0, 0, 0, 0, 0, 0, 3, 14
"c:\GitHub\Terraria-Clone\customHeaders\vec2f.h", "C++", 143, 0, 0, 0, 0, 0, 0, 0, 0, 0, 0, 0, 0, 0, 8, 34, 185
"c:\GitHub\Terraria-Clone\customHeaders\vec2i.cpp", "C++", 11, 0, 0, 0, 0, 0, 0, 0, 0, 0, 0, 0, 0, 0, 0, 4, 15
"c:\GitHub\Terraria-Clone\customHeaders\vec2i.h", "C++", 100, 0, 0, 0, 0, 0, 0, 0, 0, 0, 0, 0, 0, 0, 5, 24, 129
"c:\GitHub\Terraria-Clone\execution.bat", "Batch", 0, 1, 0, 0, 0, 0, 0, 0, 0, 0, 0, 0, 0, 0, 0, 0, 1
"c:\GitHub\Terraria-Clone\foreignHeaders\FastNoiseLite.h", "C++", 1963, 0, 0, 0, 0, 0, 0, 0, 0, 0, 0, 0, 0, 0, 233, 391, 2587
"c:\GitHub\Terraria-Clone\imgui-master\.github\FUNDING.yml", "YAML", 0, 0, 0, 0, 0, 1, 0, 0, 0, 0, 0, 0, 0, 0, 0, 1, 2
"c:\GitHub\Terraria-Clone\imgui-master\.github\ISSUE_TEMPLATE\config.yml", "YAML", 0, 0, 0, 0, 0, 1, 0, 0, 0, 0, 0, 0, 0, 0, 0, 1, 2
"c:\GitHub\Terraria-Clone\imgui-master\.github\ISSUE_TEMPLATE\issue_template.yml", "YAML", 0, 0, 0, 0, 0, 88, 0, 0, 0, 0, 0, 0, 0, 0, 0, 5, 93
"c:\GitHub\Terraria-Clone\imgui-master\.github\pull_request_template.md", "Markdown", 0, 0, 5, 0, 0, 0, 0, 0, 0, 0, 0, 0, 0, 0, 0, 6, 11
"c:\GitHub\Terraria-Clone\imgui-master\.github\workflows\manual.yml", "YAML", 0, 0, 0, 0, 0, 7, 0, 0, 0, 0, 0, 0, 0, 0, 3, 3, 13
"c:\GitHub\Terraria-Clone\imgui-master\.github\workflows\scheduled.yml", "YAML", 0, 0, 0, 0, 0, 9, 0, 0, 0, 0, 0, 0, 0, 0, 4, 3, 16
"c:\GitHub\Terraria-Clone\imgui-master\.github\workflows\static-analysis.yml", "YAML", 0, 0, 0, 0, 0, 40, 0, 0, 0, 0, 0, 0, 0, 0, 2, 5, 47
"c:\GitHub\Terraria-Clone\imgui-master\backends\imgui_impl_allegro5.cpp", "C++", 514, 0, 0, 0, 0, 0, 0, 0, 0, 0, 0, 0, 0, 0, 119, 66, 699
"c:\GitHub\Terraria-Clone\imgui-master\backends\imgui_impl_allegro5.h", "C++", 15, 0, 0, 0, 0, 0, 0, 0, 0, 0, 0, 0, 0, 0, 21, 9, 45
"c:\GitHub\Terraria-Clone\imgui-master\backends\imgui_impl_android.cpp", "C++", 246, 0, 0, 0, 0, 0, 0, 0, 0, 0, 0, 0, 0, 0, 38, 25, 309
"c:\GitHub\Terraria-Clone\imgui-master\backends\imgui_impl_android.h", "C++", 10, 0, 0, 0, 0, 0, 0, 0, 0, 0, 0, 0, 0, 0, 21, 7, 38
"c:\GitHub\Terraria-Clone\imgui-master\backends\imgui_impl_dx10.cpp", "C++", 512, 0, 0, 0, 0, 0, 0, 0, 0, 0, 0, 0, 0, 0, 91, 63, 666
"c:\GitHub\Terraria-Clone\imgui-master\backends\imgui_impl_dx10.h", "C++", 21, 0, 0, 0, 0, 0, 0, 0, 0, 0, 0, 0, 0, 0, 19, 10, 50
"c:\GitHub\Terraria-Clone\imgui-master\backends\imgui_impl_dx11.cpp", "C++", 527, 0, 0, 0, 0, 0, 0, 0, 0, 0, 0, 0, 0, 0, 94, 65, 686
"c:\GitHub\Terraria-Clone\imgui-master\backends\imgui_impl_dx11.h", "C++", 23, 0, 0, 0, 0, 0, 0, 0, 0, 0, 0, 0, 0, 0, 20, 10, 53
"c:\GitHub\Terraria-Clone\imgui-master\backends\imgui_impl_dx12.cpp", "C++", 757, 0, 0, 0, 0, 0, 0, 0, 0, 0, 0, 0, 0, 0, 132, 122, 1011
"c:\GitHub\Terraria-Clone\imgui-master\backends\imgui_impl_dx12.h", "C++", 45, 0, 0, 0, 0, 0, 0, 0, 0, 0, 0, 0, 0, 0, 29, 16, 90
"c:\GitHub\Terraria-Clone\imgui-master\backends\imgui_impl_dx9.cpp", "C++", 347, 0, 0, 0, 0, 0, 0, 0, 0, 0, 0, 0, 0, 0, 82, 52, 481
"c:\GitHub\Terraria-Clone\imgui-master\backends\imgui_impl_dx9.h", "C++", 12, 0, 0, 0, 0, 0, 0, 0, 0, 0, 0, 0, 0, 0, 17, 9, 38
"c:\GitHub\Terraria-Clone\imgui-master\backends\imgui_impl_glfw.cpp", "C++", 823, 0, 0, 0, 0, 0, 0, 0, 0, 0, 0, 0, 0, 0, 178, 94, 1095
"c:\GitHub\Terraria-Clone\imgui-master\backends\imgui_impl_glfw.h", "C++", 28, 0, 0, 0, 0, 0, 0, 0, 0, 0, 0, 0, 0, 0, 31, 13, 72
"c:\GitHub\Terraria-Clone\imgui-master\backends\imgui_impl_glut.cpp", "C++", 221, 0, 0, 0, 0, 0, 0, 0, 0, 0, 0, 0, 0, 0, 61, 28, 310
"c:\GitHub\Terraria-Clone\imgui-master\backends\imgui_impl_glut.h", "C++", 16, 0, 0, 0, 0, 0, 0, 0, 0, 0, 0, 0, 0, 0, 24, 8, 48
"c:\GitHub\Terraria-Clone\imgui-master\backends\imgui_impl_metal.h", "C++", 31, 0, 0, 0, 0, 0, 0, 0, 0, 0, 0, 0, 0, 0, 28, 20, 79
"c:\GitHub\Terraria-Clone\imgui-master\backends\imgui_impl_metal.mm", "Objective-C++", 0, 0, 0, 0, 0, 0, 0, 0, 0, 487, 0, 0, 0, 0, 76, 92, 655
"c:\GitHub\Terraria-Clone\imgui-master\backends\imgui_impl_null.cpp", "C++", 73, 0, 0, 0, 0, 0, 0, 0, 0, 0, 0, 0, 0, 0, 13, 17, 103
"c:\GitHub\Terraria-Clone\imgui-master\backends\imgui_impl_null.h", "C++", 14, 0, 0, 0, 0, 0, 0, 0, 0, 0, 0, 0, 0, 0, 13, 8, 35
"c:\GitHub\Terraria-Clone\imgui-master\backends\imgui_impl_opengl2.cpp", "C++", 218, 0, 0, 0, 0, 0, 0, 0, 0, 0, 0, 0, 0, 0, 93, 42, 353
"c:\GitHub\Terraria-Clone\imgui-master\backends\imgui_impl_opengl2.h", "C++", 11, 0, 0, 0, 0, 0, 0, 0, 0, 0, 0, 0, 0, 0, 24, 9, 44
"c:\GitHub\Terraria-Clone\imgui-master\backends\imgui_impl_opengl3.cpp", "C++", 751, 0, 0, 0, 0, 0, 0, 0, 0, 0, 0, 0, 0, 0, 215, 101, 1067
"c:\GitHub\Terraria-Clone\imgui-master\backends\imgui_impl_opengl3.h", "C++", 23, 0, 0, 0, 0, 0, 0, 0, 0, 0, 0, 0, 0, 0, 32, 14, 69
"c:\GitHub\Terraria-Clone\imgui-master\backends\imgui_impl_opengl3_loader.h", "C++", 795, 0, 0, 0, 0, 0, 0, 0, 0, 0, 0, 0, 0, 0, 101, 63, 959
"c:\GitHub\Terraria-Clone\imgui-master\backends\imgui_impl_osx.h", "C++", 18, 0, 0, 0, 0, 0, 0, 0, 0, 0, 0, 0, 0, 0, 24, 13, 55
"c:\GitHub\Terraria-Clone\imgui-master\backends\imgui_impl_osx.mm", "Objective-C++", 0, 0, 0, 0, 0, 0, 0, 0, 0, 608, 0, 0, 0, 0, 129, 102, 839
"c:\GitHub\Terraria-Clone\imgui-master\backends\imgui_impl_sdl2.cpp", "C++", 685, 0, 0, 0, 0, 0, 0, 0, 0, 0, 0, 0, 0, 0, 171, 73, 929
"c:\GitHub\Terraria-Clone\imgui-master\backends\imgui_impl_sdl2.h", "C++", 23, 0, 0, 0, 0, 0, 0, 0, 0, 0, 0, 0, 0, 0, 25, 10, 58
"c:\GitHub\Terraria-Clone\imgui-master\backends\imgui_impl_sdl3.cpp", "C++", 677, 0, 0, 0, 0, 0, 0, 0, 0, 0, 0, 0, 0, 0, 132, 79, 888
"c:\GitHub\Terraria-Clone\imgui-master\backends\imgui_impl_sdl3.h", "C++", 22, 0, 0, 0, 0, 0, 0, 0, 0, 0, 0, 0, 0, 0, 24, 9, 55
"c:\GitHub\Terraria-Clone\imgui-master\backends\imgui_impl_sdlgpu3.cpp", "C++", 501, 0, 0, 0, 0, 0, 0, 0, 0, 0, 0, 0, 0, 0, 90, 100, 691
"c:\GitHub\Terraria-Clone\imgui-master\backends\imgui_impl_sdlgpu3.h", "C++", 28, 0, 0, 0, 0, 0, 0, 0, 0, 0, 0, 0, 0, 0, 26, 12, 66
"c:\GitHub\Terraria-Clone\imgui-master\backends\imgui_impl_sdlgpu3_shaders.h", "C++", 397, 0, 0, 0, 0, 0, 0, 0, 0, 0, 0, 0, 0, 0, 4, 6, 407
"c:\GitHub\Terraria-Clone\imgui-master\backends\imgui_impl_sdlrenderer2.cpp", "C++", 190, 0, 0, 0, 0, 0, 0, 0, 0, 0, 0, 0, 0, 0, 68, 43, 301
"c:\GitHub\Terraria-Clone\imgui-master\backends\imgui_impl_sdlrenderer2.h", "C++", 16, 0, 0, 0, 0, 0, 0, 0, 0, 0, 0, 0, 0, 0, 27, 11, 54
"c:\GitHub\Terraria-Clone\imgui-master\backends\imgui_impl_sdlrenderer3.cpp", "C++", 206, 0, 0, 0, 0, 0, 0, 0, 0, 0, 0, 0, 0, 0, 66, 45, 317
"c:\GitHub\Terraria-Clone\imgui-master\backends\imgui_impl_sdlrenderer3.h", "C++", 16, 0, 0, 0, 0, 0, 0, 0, 0, 0, 0, 0, 0, 0, 27, 11, 54
"c:\GitHub\Terraria-Clone\imgui-master\backends\imgui_impl_vulkan.cpp", "C++", 1453, 0, 0, 0, 0, 0, 0, 0, 0, 0, 0, 0, 0, 0, 271, 183, 1907
"c:\GitHub\Terraria-Clone\imgui-master\backends\imgui_impl_vulkan.h", "C++", 132, 0, 0, 0, 0, 0, 0, 0, 0, 0, 0, 0, 0, 0, 107, 36, 275
"c:\GitHub\Terraria-Clone\imgui-master\backends\imgui_impl_wgpu.cpp", "C++", 857, 0, 0, 0, 0, 0, 0, 0, 0, 0, 0, 0, 0, 0, 113, 120, 1090
"c:\GitHub\Terraria-Clone\imgui-master\backends\imgui_impl_wgpu.h", "C++", 73, 0, 0, 0, 0, 0, 0, 0, 0, 0, 0, 0, 0, 0, 39, 19, 131
"c:\GitHub\Terraria-Clone\imgui-master\backends\imgui_impl_win32.cpp", "C++", 752, 0, 0, 0, 0, 0, 0, 0, 0, 0, 0, 0, 0, 0, 172, 78, 1002
"c:\GitHub\Terraria-Clone\imgui-master\backends\imgui_impl_win32.h", "C++", 15, 0, 0, 0, 0, 0, 0, 0, 0, 0, 0, 0, 0, 0, 29, 10, 54
"c:\GitHub\Terraria-Clone\imgui-master\backends\sdlgpu3\shader.frag", "GLSL", 0, 0, 0, 0, 0, 0, 0, 0, 0, 0, 0, 12, 0, 0, 0, 4, 16
"c:\GitHub\Terraria-Clone\imgui-master\backends\sdlgpu3\shader.vert", "GLSL", 0, 0, 0, 0, 0, 0, 0, 0, 0, 0, 0, 21, 0, 0, 0, 4, 25
"c:\GitHub\Terraria-Clone\imgui-master\backends\vulkan\generate_spv.sh", "Shell Script", 0, 0, 0, 0, 0, 0, 0, 0, 0, 0, 0, 0, 0, 2, 4, 1, 7
"c:\GitHub\Terraria-Clone\imgui-master\backends\vulkan\glsl_shader.frag", "GLSL", 0, 0, 0, 0, 0, 0, 0, 0, 0, 0, 0, 11, 0, 0, 0, 4, 15
"c:\GitHub\Terraria-Clone\imgui-master\backends\vulkan\glsl_shader.vert", "GLSL", 0, 0, 0, 0, 0, 0, 0, 0, 0, 0, 0, 21, 0, 0, 0, 5, 26
"c:\GitHub\Terraria-Clone\imgui-master\docs\BACKENDS.md", "Markdown", 0, 0, 302, 0, 0, 0, 0, 0, 0, 0, 0, 0, 0, 0, 0, 77, 379
"c:\GitHub\Terraria-Clone\imgui-master\docs\CONTRIBUTING.md", "Markdown", 0, 0, 58, 0, 0, 0, 0, 0, 0, 0, 0, 0, 0, 0, 0, 24, 82
"c:\GitHub\Terraria-Clone\imgui-master\docs\EXAMPLES.md", "Markdown", 0, 0, 199, 0, 0, 0, 0, 0, 0, 0, 0, 0, 0, 0, 0, 58, 257
"c:\GitHub\Terraria-Clone\imgui-master\docs\FAQ.md", "Markdown", 0, 0, 675, 0, 0, 0, 0, 0, 0, 0, 0, 0, 0, 0, 0, 180, 855
"c:\GitHub\Terraria-Clone\imgui-master\docs\FONTS.md", "Markdown", 0, 0, 473, 0, 0, 0, 0, 0, 0, 0, 0, 0, 0, 0, 0, 165, 638
"c:\GitHub\Terraria-Clone\imgui-master\docs\README.md", "Markdown", 0, 0, 156, 0, 0, 0, 0, 0, 0, 0, 0, 0, 0, 0, 0, 75, 231
"c:\GitHub\Terraria-Clone\imgui-master\examples\example_allegro5\README.md", "Markdown", 0, 0, 27, 0, 0, 0, 0, 0, 0, 0, 0, 0, 0, 0, 0, 10, 37
"c:\GitHub\Terraria-Clone\imgui-master\examples\example_allegro5\example_allegro5.vcxproj", "XML", 0, 0, 0, 0, 0, 0, 0, 0, 185, 0, 0, 0, 0, 0, 0, 0, 185
"c:\GitHub\Terraria-Clone\imgui-master\examples\example_allegro5\imconfig_allegro5.h", "C++", 2, 0, 0, 0, 0, 0, 0, 0, 0, 0, 0, 0, 0, 0, 7, 3, 12
"c:\GitHub\Terraria-Clone\imgui-master\examples\example_allegro5\main.cpp", "C++", 82, 0, 0, 0, 0, 0, 0, 0, 0, 0, 0, 0, 0, 0, 47, 23, 152
"c:\GitHub\Terraria-Clone\imgui-master\examples\example_android_opengl3\CMakeLists.txt", "CMake", 0, 0, 0, 0, 0, 0, 0, 33, 0, 0, 0, 0, 0, 0, 0, 8, 41
"c:\GitHub\Terraria-Clone\imgui-master\examples\example_android_opengl3\android\app\src\main\AndroidManifest.xml", "XML", 0, 0, 0, 0, 0, 0, 0, 0, 22, 0, 0, 0, 0, 0, 0, 4, 26
"c:\GitHub\Terraria-Clone\imgui-master\examples\example_android_opengl3\android\settings.gradle", "Groovy", 0, 0, 0, 0, 0, 0, 0, 0, 0, 0, 0, 0, 21, 0, 0, 2, 23
"c:\GitHub\Terraria-Clone\imgui-master\examples\example_android_opengl3\main.cpp", "C++", 241, 0, 0, 0, 0, 0, 0, 0, 0, 0, 0, 0, 0, 0, 75, 70, 386
"c:\GitHub\Terraria-Clone\imgui-master\examples\example_apple_metal\README.md", "Markdown", 0, 0, 4, 0, 0, 0, 0, 0, 0, 0, 0, 0, 0, 0, 0, 7, 11
"c:\GitHub\Terraria-Clone\imgui-master\examples\example_apple_metal\iOS\LaunchScreen.storyboard", "XML", 0, 0, 0, 0, 0, 0, 0, 0, 26, 0, 0, 0, 0, 0, 1, 1, 28
"c:\GitHub\Terraria-Clone\imgui-master\examples\example_apple_metal\macOS\MainMenu.storyboard", "XML", 0, 0, 0, 0, 0, 0, 0, 0, 92, 0, 0, 0, 0, 0, 1, 1, 94
"c:\GitHub\Terraria-Clone\imgui-master\examples\example_apple_metal\main.mm", "Objective-C++", 0, 0, 0, 0, 0, 0, 0, 0, 0, 228, 0, 0, 0, 0, 52, 71, 351
"c:\GitHub\Terraria-Clone\imgui-master\examples\example_apple_opengl2\main.mm", "Objective-C++", 0, 0, 0, 0, 0, 0, 0, 0, 0, 160, 0, 0, 0, 0, 46, 53, 259
"c:\GitHub\Terraria-Clone\imgui-master\examples\example_glfw_metal\main.mm", "Objective-C++", 0, 0, 0, 0, 0, 0, 0, 0, 0, 107, 0, 0, 0, 0, 43, 35, 185
"c:\GitHub\Terraria-Clone\imgui-master\examples\example_glfw_opengl2\example_glfw_opengl2.vcxproj", "XML", 0, 0, 0, 0, 0, 0, 0, 0, 186, 0, 0, 0, 0, 0, 0, 0, 186
"c:\GitHub\Terraria-Clone\imgui-master\examples\example_glfw_opengl2\main.cpp", "C++", 94, 0, 0, 0, 0, 0, 0, 0, 0, 0, 0, 0, 0, 0, 56, 30, 180
"c:\GitHub\Terraria-Clone\imgui-master\examples\example_glfw_opengl3\example_glfw_opengl3.vcxproj", "XML", 0, 0, 0, 0, 0, 0, 0, 0, 187, 0, 0, 0, 0, 0, 0, 0, 187
"c:\GitHub\Terraria-Clone\imgui-master\examples\example_glfw_opengl3\main.cpp", "C++", 129, 0, 0, 0, 0, 0, 0, 0, 0, 0, 0, 0, 0, 0, 58, 30, 217
"c:\GitHub\Terraria-Clone\imgui-master\examples\example_glfw_vulkan\CMakeLists.txt", "CMake", 0, 0, 0, 0, 0, 0, 0, 37, 0, 0, 0, 0, 0, 0, 0, 11, 48
"c:\GitHub\Terraria-Clone\imgui-master\examples\example_glfw_vulkan\example_glfw_vulkan.vcxproj", "XML", 0, 0, 0, 0, 0, 0, 0, 0, 190, 0, 0, 0, 0, 0, 0, 0, 190
"c:\GitHub\Terraria-Clone\imgui-master\examples\example_glfw_vulkan\main.cpp", "C++", 395, 0, 0, 0, 0, 0, 0, 0, 0, 0, 0, 0, 0, 0, 81, 67, 543
"c:\GitHub\Terraria-Clone\imgui-master\examples\example_glfw_wgpu\CMakeLists.txt", "CMake", 0, 0, 0, 0, 0, 0, 0, 184, 0, 0, 0, 0, 0, 0, 0, 32, 216
"c:\GitHub\Terraria-Clone\imgui-master\examples\example_glfw_wgpu\README.md", "Markdown", 0, 0, 118, 0, 0, 0, 0, 0, 0, 0, 0, 0, 0, 0, 0, 50, 168
"c:\GitHub\Terraria-Clone\imgui-master\examples\example_glfw_wgpu\main.cpp", "C++", 437, 0, 0, 0, 0, 0, 0, 0, 0, 0, 0, 0, 0, 0, 71, 81, 589
"c:\GitHub\Terraria-Clone\imgui-master\examples\example_glut_opengl2\example_glut_opengl2.vcxproj", "XML", 0, 0, 0, 0, 0, 0, 0, 0, 186, 0, 0, 0, 0, 0, 0, 0, 186
"c:\GitHub\Terraria-Clone\imgui-master\examples\example_glut_opengl2\main.cpp", "C++", 80, 0, 0, 0, 0, 0, 0, 0, 0, 0, 0, 0, 0, 0, 57, 29, 166
"c:\GitHub\Terraria-Clone\imgui-master\examples\example_null\example_null.vcxproj", "XML", 0, 0, 0, 0, 0, 0, 0, 0, 178, 0, 0, 0, 0, 0, 0, 0, 178
"c:\GitHub\Terraria-Clone\imgui-master\examples\example_null\main.cpp", "C++", 30, 0, 0, 0, 0, 0, 0, 0, 0, 0, 0, 0, 0, 0, 5, 9, 44
"c:\GitHub\Terraria-Clone\imgui-master\examples\example_sdl2_directx11\example_sdl2_directx11.vcxproj", "XML", 0, 0, 0, 0, 0, 0, 0, 0, 187, 0, 0, 0, 0, 0, 0, 0, 187
"c:\GitHub\Terraria-Clone\imgui-master\examples\example_sdl2_directx11\main.cpp", "C++", 172, 0, 0, 0, 0, 0, 0, 0, 0, 0, 0, 0, 0, 0, 57, 37, 266
"c:\GitHub\Terraria-Clone\imgui-master\examples\example_sdl2_metal\main.mm", "Objective-C++", 0, 0, 0, 0, 0, 0, 0, 0, 0, 113, 0, 0, 0, 0, 46, 33, 192
"c:\GitHub\Terraria-Clone\imgui-master\examples\example_sdl2_opengl2\README.md", "Markdown", 0, 0, 20, 0, 0, 0, 0, 0, 0, 0, 0, 0, 0, 0, 0, 10, 30
"c:\GitHub\Terraria-Clone\imgui-master\examples\example_sdl2_opengl2\example_sdl2_opengl2.vcxproj", "XML", 0, 0, 0, 0, 0, 0, 0, 0, 186, 0, 0, 0, 0, 0, 0, 0, 186
"c:\GitHub\Terraria-Clone\imgui-master\examples\example_sdl2_opengl2\main.cpp", "C++", 113, 0, 0, 0, 0, 0, 0, 0, 0, 0, 0, 0, 0, 0, 50, 28, 191
"c:\GitHub\Terraria-Clone\imgui-master\examples\example_sdl2_opengl3\README.md", "Markdown", 0, 0, 42, 0, 0, 0, 0, 0, 0, 0, 0, 0, 0, 0, 0, 16, 58
"c:\GitHub\Terraria-Clone\imgui-master\examples\example_sdl2_opengl3\example_sdl2_opengl3.vcxproj", "XML", 0, 0, 0, 0, 0, 0, 0, 0, 187, 0, 0, 0, 0, 0, 0, 0, 187
"c:\GitHub\Terraria-Clone\imgui-master\examples\example_sdl2_opengl3\main.cpp", "C++", 156, 0, 0, 0, 0, 0, 0, 0, 0, 0, 0, 0, 0, 0, 55, 30, 241
"c:\GitHub\Terraria-Clone\imgui-master\examples\example_sdl2_sdlrenderer2\README.md", "Markdown", 0, 0, 18, 0, 0, 0, 0, 0, 0, 0, 0, 0, 0, 0, 0, 8, 26
"c:\GitHub\Terraria-Clone\imgui-master\examples\example_sdl2_sdlrenderer2\example_sdl2_sdlrenderer2.vcxproj", "XML", 0, 0, 0, 0, 0, 0, 0, 0, 187, 0, 0, 0, 0, 0, 0, 1, 188
"c:\GitHub\Terraria-Clone\imgui-master\examples\example_sdl2_sdlrenderer2\main.cpp", "C++", 113, 0, 0, 0, 0, 0, 0, 0, 0, 0, 0, 0, 0, 0, 51, 28, 192
"c:\GitHub\Terraria-Clone\imgui-master\examples\example_sdl2_vulkan\example_sdl2_vulkan.vcxproj", "XML", 0, 0, 0, 0, 0, 0, 0, 0, 190, 0, 0, 0, 0, 0, 0, 1, 191
"c:\GitHub\Terraria-Clone\imgui-master\examples\example_sdl2_vulkan\main.cpp", "C++", 411, 0, 0, 0, 0, 0, 0, 0, 0, 0, 0, 0, 0, 0, 80, 67, 558
"c:\GitHub\Terraria-Clone\imgui-master\examples\example_sdl2_wgpu\CMakeLists.txt", "CMake", 0, 0, 0, 0, 0, 0, 0, 175, 0, 0, 0, 0, 0, 0, 0, 31, 206
"c:\GitHub\Terraria-Clone\imgui-master\examples\example_sdl2_wgpu\README.md", "Markdown", 0, 0, 118, 0, 0, 0, 0, 0, 0, 0, 0, 0, 0, 0, 0, 50, 168
"c:\GitHub\Terraria-Clone\imgui-master\examples\example_sdl2_wgpu\main.cpp", "C++", 405, 0, 0, 0, 0, 0, 0, 0, 0, 0, 0, 0, 0, 0, 70, 79, 554
"c:\GitHub\Terraria-Clone\imgui-master\examples\example_sdl3_directx11\example_sdl3_directx11.vcxproj", "XML", 0, 0, 0, 0, 0, 0, 0, 0, 187, 0, 0, 0, 0, 0, 0, 0, 187
"c:\GitHub\Terraria-Clone\imgui-master\examples\example_sdl3_directx11\main.cpp", "C++", 165, 0, 0, 0, 0, 0, 0, 0, 0, 0, 0, 0, 0, 0, 58, 38, 261
"c:\GitHub\Terraria-Clone\imgui-master\examples\example_sdl3_metal\main.mm", "Objective-C++", 0, 0, 0, 0, 0, 0, 0, 0, 0, 127, 0, 0, 0, 0, 50, 34, 211
"c:\GitHub\Terraria-Clone\imgui-master\examples\example_sdl3_opengl3\README.md", "Markdown", 0, 0, 29, 0, 0, 0, 0, 0, 0, 0, 0, 0, 0, 0, 0, 12, 41
"c:\GitHub\Terraria-Clone\imgui-master\examples\example_sdl3_opengl3\example_sdl3_opengl3.vcxproj", "XML", 0, 0, 0, 0, 0, 0, 0, 0, 187, 0, 0, 0, 0, 0, 0, 0, 187
"c:\GitHub\Terraria-Clone\imgui-master\examples\example_sdl3_opengl3\main.cpp", "C++", 149, 0, 0, 0, 0, 0, 0, 0, 0, 0, 0, 0, 0, 0, 57, 29, 235
"c:\GitHub\Terraria-Clone\imgui-master\examples\example_sdl3_sdlgpu3\example_sdl3_sdlgpu3.vcxproj", "XML", 0, 0, 0, 0, 0, 0, 0, 0, 189, 0, 0, 0, 0, 0, 0, 1, 190
"c:\GitHub\Terraria-Clone\imgui-master\examples\example_sdl3_sdlgpu3\main.cpp", "C++", 137, 0, 0, 0, 0, 0, 0, 0, 0, 0, 0, 0, 0, 0, 59, 37, 233
"c:\GitHub\Terraria-Clone\imgui-master\examples\example_sdl3_sdlrenderer3\example_sdl3_sdlrenderer3.vcxproj", "XML", 0, 0, 0, 0, 0, 0, 0, 0, 186, 0, 0, 0, 0, 0, 0, 0, 186
"c:\GitHub\Terraria-Clone\imgui-master\examples\example_sdl3_sdlrenderer3\main.cpp", "C++", 115, 0, 0, 0, 0, 0, 0, 0, 0, 0, 0, 0, 0, 0, 53, 28, 196
"c:\GitHub\Terraria-Clone\imgui-master\examples\example_sdl3_vulkan\example_sdl3_vulkan.vcxproj", "XML", 0, 0, 0, 0, 0, 0, 0, 0, 190, 0, 0, 0, 0, 0, 0, 0, 190
"c:\GitHub\Terraria-Clone\imgui-master\examples\example_sdl3_vulkan\main.cpp", "C++", 409, 0, 0, 0, 0, 0, 0, 0, 0, 0, 0, 0, 0, 0, 84, 68, 561
"c:\GitHub\Terraria-Clone\imgui-master\examples\example_sdl3_wgpu\CMakeLists.txt", "CMake", 0, 0, 0, 0, 0, 0, 0, 178, 0, 0, 0, 0, 0, 0, 0, 30, 208
"c:\GitHub\Terraria-Clone\imgui-master\examples\example_sdl3_wgpu\README.md", "Markdown", 0, 0, 118, 0, 0, 0, 0, 0, 0, 0, 0, 0, 0, 0, 0, 50, 168
"c:\GitHub\Terraria-Clone\imgui-master\examples\example_sdl3_wgpu\main.cpp", "C++", 411, 0, 0, 0, 0, 0, 0, 0, 0, 0, 0, 0, 0, 0, 74, 81, 566
"c:\GitHub\Terraria-Clone\imgui-master\examples\example_win32_directx10\example_win32_directx10.vcxproj", "XML", 0, 0, 0, 0, 0, 0, 0, 0, 176, 0, 0, 0, 0, 0, 0, 0, 176
"c:\GitHub\Terraria-Clone\imgui-master\examples\example_win32_directx10\main.cpp", "C++", 182, 0, 0, 0, 0, 0, 0, 0, 0, 0, 0, 0, 0, 0, 59, 42, 283
"c:\GitHub\Terraria-Clone\imgui-master\examples\example_win32_directx11\example_win32_directx11.vcxproj", "XML", 0, 0, 0, 0, 0, 0, 0, 0, 175, 0, 0, 0, 0, 0, 0, 0, 175
"c:\GitHub\Terraria-Clone\imgui-master\examples\example_win32_directx11\main.cpp", "C++", 185, 0, 0, 0, 0, 0, 0, 0, 0, 0, 0, 0, 0, 0, 59, 42, 286
"c:\GitHub\Terraria-Clone\imgui-master\examples\example_win32_directx12\example_win32_directx12.vcxproj", "XML", 0, 0, 0, 0, 0, 0, 0, 0, 180, 0, 0, 0, 0, 0, 0, 0, 180
"c:\GitHub\Terraria-Clone\imgui-master\examples\example_win32_directx12\main.cpp", "C++", 409, 0, 0, 0, 0, 0, 0, 0, 0, 0, 0, 0, 0, 0, 68, 77, 554
"c:\GitHub\Terraria-Clone\imgui-master\examples\example_win32_directx9\example_win32_directx9.vcxproj", "XML", 0, 0, 0, 0, 0, 0, 0, 0, 176, 0, 0, 0, 0, 0, 0, 0, 176
"c:\GitHub\Terraria-Clone\imgui-master\examples\example_win32_directx9\main.cpp", "C++", 179, 0, 0, 0, 0, 0, 0, 0, 0, 0, 0, 0, 0, 0, 56, 40, 275
"c:\GitHub\Terraria-Clone\imgui-master\examples\example_win32_opengl3\example_win32_opengl3.vcxproj", "XML", 0, 0, 0, 0, 0, 0, 0, 0, 176, 0, 0, 0, 0, 0, 0, 0, 176
"c:\GitHub\Terraria-Clone\imgui-master\examples\example_win32_opengl3\main.cpp", "C++", 161, 0, 0, 0, 0, 0, 0, 0, 0, 0, 0, 0, 0, 0, 54, 39, 254
"c:\GitHub\Terraria-Clone\imgui-master\examples\example_win32_vulkan\example_win32_vulkan.vcxproj", "XML", 0, 0, 0, 0, 0, 0, 0, 0, 178, 0, 0, 0, 0, 0, 0, 0, 178
"c:\GitHub\Terraria-Clone\imgui-master\examples\example_win32_vulkan\main.cpp", "C++", 416, 0, 0, 0, 0, 0, 0, 0, 0, 0, 0, 0, 0, 0, 84, 70, 570
"c:\GitHub\Terraria-Clone\imgui-master\examples\libs\emscripten\emscripten_mainloop_stub.h", "C++", 11, 0, 0, 0, 0, 0, 0, 0, 0, 0, 0, 0, 0, 0, 26, 2, 39
"c:\GitHub\Terraria-Clone\imgui-master\examples\libs\emscripten\shell_minimal.html", "HTML", 0, 0, 0, 0, 0, 0, 0, 0, 0, 0, 65, 0, 0, 0, 0, 1, 66
"c:\GitHub\Terraria-Clone\imgui-master\examples\libs\glfw\include\GLFW\glfw3.h", "C++", 475, 0, 0, 0, 0, 0, 0, 0, 0, 0, 0, 0, 0, 0, 3570, 183, 4228
"c:\GitHub\Terraria-Clone\imgui-master\examples\libs\glfw\include\GLFW\glfw3native.h", "C++", 77, 0, 0, 0, 0, 0, 0, 0, 0, 0, 0, 0, 0, 0, 343, 37, 457
"c:\GitHub\Terraria-Clone\imgui-master\examples\libs\usynergy\uSynergy.c", "C", 0, 0, 0, 0, 0, 0, 366, 0, 0, 0, 0, 0, 0, 0, 194, 77, 637
"c:\GitHub\Terraria-Clone\imgui-master\examples\libs\usynergy\uSynergy.h", "C++", 96, 0, 0, 0, 0, 0, 0, 0, 0, 0, 0, 0, 0, 0, 237, 88, 421
"c:\GitHub\Terraria-Clone\imgui-master\imconfig.h", "C++", 1, 0, 0, 0, 0, 0, 0, 0, 0, 0, 0, 0, 0, 0, 123, 24, 148
"c:\GitHub\Terraria-Clone\imgui-master\imgui.cpp", "C++", 13018, 0, 0, 0, 0, 0, 0, 0, 0, 0, 0, 0, 0, 0, 3410, 1782, 18210
"c:\GitHub\Terraria-Clone\imgui-master\imgui.h", "C++", 2468, 0, 0, 0, 0, 0, 0, 0, 0, 0, 0, 0, 0, 0, 1353, 386, 4207
"c:\GitHub\Terraria-Clone\imgui-master\imgui_demo.cpp", "C++", 8607, 0, 0, 0, 0, 0, 0, 0, 0, 0, 0, 0, 0, 0, 1386, 1074, 11067
"c:\GitHub\Terraria-Clone\imgui-master\imgui_draw.cpp", "C++", 5290, 0, 0, 0, 0, 0, 0, 0, 0, 0, 0, 0, 0, 0, 791, 659, 6740
"c:\GitHub\Terraria-Clone\imgui-master\imgui_internal.h", "C++", 2974, 0, 0, 0, 0, 0, 0, 0, 0, 0, 0, 0, 0, 0, 610, 416, 4000
"c:\GitHub\Terraria-Clone\imgui-master\imgui_tables.cpp", "C++", 3088, 0, 0, 0, 0, 0, 0, 0, 0, 0, 0, 0, 0, 0, 989, 497, 4574
"c:\GitHub\Terraria-Clone\imgui-master\imgui_widgets.cpp", "C++", 8184, 0, 0, 0, 0, 0, 0, 0, 0, 0, 0, 0, 0, 0, 1442, 1191, 10817
"c:\GitHub\Terraria-Clone\imgui-master\imstb_rectpack.h", "C++", 324, 0, 0, 0, 0, 0, 0, 0, 0, 0, 0, 0, 0, 0, 229, 75, 628
"c:\GitHub\Terraria-Clone\imgui-master\imstb_textedit.h", "C++", 865, 0, 0, 0, 0, 0, 0, 0, 0, 0, 0, 0, 0, 0, 495, 168, 1528
"c:\GitHub\Terraria-Clone\imgui-master\imstb_truetype.h", "C++", 3485, 0, 0, 0, 0, 0, 0, 0, 0, 0, 0, 0, 0, 0, 1010, 591, 5086
"c:\GitHub\Terraria-Clone\imgui-master\misc\cpp\imgui_stdlib.cpp", "C++", 64, 0, 0, 0, 0, 0, 0, 0, 0, 0, 0, 0, 0, 0, 20, 17, 101
"c:\GitHub\Terraria-Clone\imgui-master\misc\cpp\imgui_stdlib.h", "C++", 10, 0, 0, 0, 0, 0, 0, 0, 0, 0, 0, 0, 0, 0, 18, 10, 38
"c:\GitHub\Terraria-Clone\imgui-master\misc\debuggers\imgui_lldb.py", "Python", 0, 0, 0, 0, 110, 0, 0, 0, 0, 0, 0, 0, 0, 0, 26, 54, 190
"c:\GitHub\Terraria-Clone\imgui-master\misc\fonts\binary_to_compressed_c.cpp", "C++", 313, 0, 0, 0, 0, 0, 0, 0, 0, 0, 0, 0, 0, 0, 48, 64, 425
"c:\GitHub\Terraria-Clone\imgui-master\misc\freetype\README.md", "Markdown", 0, 0, 37, 0, 0, 0, 0, 0, 0, 0, 0, 0, 0, 0, 0, 18, 55
"c:\GitHub\Terraria-Clone\imgui-master\misc\freetype\imgui_freetype.cpp", "C++", 513, 0, 0, 0, 0, 0, 0, 0, 0, 0, 0, 0, 0, 0, 134, 98, 745
"c:\GitHub\Terraria-Clone\imgui-master\misc\freetype\imgui_freetype.h", "C++", 43, 0, 0, 0, 0, 0, 0, 0, 0, 0, 0, 0, 0, 0, 28, 13, 84
"c:\GitHub\Terraria-Clone\imgui-master\misc\single_file\imgui_single_file.h", "C++", 17, 0, 0, 0, 0, 0, 0, 0, 0, 0, 0, 0, 0, 0, 8, 5, 30
"c:\GitHub\Terraria-Clone\include\collider.hpp", "C++", 16, 0, 0, 0, 0, 0, 0, 0, 0, 0, 0, 0, 0, 0, 0, 8, 24
"c:\GitHub\Terraria-Clone\include\entity.hpp", "C++", 39, 0, 0, 0, 0, 0, 0, 0, 0, 0, 0, 0, 0, 0, 0, 12, 51
"c:\GitHub\Terraria-Clone\include\entityManager.hpp", "C++", 22, 0, 0, 0, 0, 0, 0, 0, 0, 0, 0, 0, 0, 0, 0, 9, 31
"c:\GitHub\Terraria-Clone\include\game.hpp", "C++", 22, 0, 0, 0, 0, 0, 0, 0, 0, 0, 0, 0, 0, 0, 0, 8, 30
"c:\GitHub\Terraria-Clone\include\inputManager.hpp", "C++", 12, 0, 0, 0, 0, 0, 0, 0, 0, 0, 0, 0, 0, 0, 0, 4, 16
"c:\GitHub\Terraria-Clone\include\textureManager.hpp", "C++", 15, 0, 0, 0, 0, 0, 0, 0, 0, 0, 0, 0, 0, 0, 0, 5, 20
"c:\GitHub\Terraria-Clone\include\worldManager.hpp", "C++", 44, 0, 0, 0, 0, 0, 0, 0, 0, 0, 0, 0, 0, 0, 5, 13, 62
"c:\GitHub\Terraria-Clone\main.cpp", "C++", 8, 0, 0, 0, 0, 0, 0, 0, 0, 0, 0, 0, 0, 0, 0, 3, 11
"c:\GitHub\Terraria-Clone\raylib\README.md", "Markdown", 0, 0, 110, 0, 0, 0, 0, 0, 0, 0, 0, 0, 0, 0, 0, 41, 151
"c:\GitHub\Terraria-Clone\raylib\include\raylib.h", "C++", 1266, 0, 0, 0, 0, 0, 0, 0, 0, 0, 0, 0, 0, 0, 289, 154, 1709
"c:\GitHub\Terraria-Clone\raylib\include\raymath.h", "C++", 2064, 0, 0, 0, 0, 0, 0, 0, 0, 0, 0, 0, 0, 0, 306, 572, 2942
"c:\GitHub\Terraria-Clone\raylib\include\rlgl.h", "C++", 3738, 0, 0, 0, 0, 0, 0, 0, 0, 0, 0, 0, 0, 0, 852, 673, 5263
"c:\GitHub\Terraria-Clone\rlImGui-main\README.md", "Markdown", 0, 0, 63, 0, 0, 0, 0, 0, 0, 0, 0, 0, 0, 0, 0, 28, 91
"c:\GitHub\Terraria-Clone\rlImGui-main\examples\asset_browser\asset_browser.cpp", "C++", 216, 0, 0, 0, 0, 0, 0, 0, 0, 0, 0, 0, 0, 0, 10, 54, 280
"c:\GitHub\Terraria-Clone\rlImGui-main\examples\asset_browser\asset_browser.h", "C++", 60, 0, 0, 0, 0, 0, 0, 0, 0, 0, 0, 0, 0, 0, 10, 25, 95
"c:\GitHub\Terraria-Clone\rlImGui-main\examples\asset_browser\imgui_utils.cpp", "C++", 60, 0, 0, 0, 0, 0, 0, 0, 0, 0, 0, 0, 0, 0, 20, 14, 94
"c:\GitHub\Terraria-Clone\rlImGui-main\examples\asset_browser\imgui_utils.h", "C++", 15, 0, 0, 0, 0, 0, 0, 0, 0, 0, 0, 0, 0, 0, 11, 7, 33
"c:\GitHub\Terraria-Clone\rlImGui-main\examples\asset_browser\item_view.h", "C++", 30, 0, 0, 0, 0, 0, 0, 0, 0, 0, 0, 0, 0, 0, 10, 8, 48
"c:\GitHub\Terraria-Clone\rlImGui-main\examples\asset_browser\item_views.cpp", "C++", 31, 0, 0, 0, 0, 0, 0, 0, 0, 0, 0, 0, 0, 0, 11, 11, 53
"c:\GitHub\Terraria-Clone\rlImGui-main\examples\asset_browser\main.cpp", "C++", 53, 0, 0, 0, 0, 0, 0, 0, 0, 0, 0, 0, 0, 0, 17, 25, 95
"c:\GitHub\Terraria-Clone\rlImGui-main\examples\docking_example.cpp", "C++", 64, 0, 0, 0, 0, 0, 0, 0, 0, 0, 0, 0, 0, 0, 29, 24, 117
"c:\GitHub\Terraria-Clone\rlImGui-main\examples\editor.cpp", "C++", 291, 0, 0, 0, 0, 0, 0, 0, 0, 0, 0, 0, 0, 0, 27, 87, 405
"c:\GitHub\Terraria-Clone\rlImGui-main\examples\imgui_style_example.cpp", "C++", 84, 0, 0, 0, 0, 0, 0, 0, 0, 0, 0, 0, 0, 0, 46, 32, 162
"c:\GitHub\Terraria-Clone\rlImGui-main\examples\simple.cpp", "C++", 49, 0, 0, 0, 0, 0, 0, 0, 0, 0, 0, 0, 0, 0, 23, 20, 92
"c:\GitHub\Terraria-Clone\rlImGui-main\extras\FA6FreeSolidFontData.h", "C++", 14902, 0, 0, 0, 0, 0, 0, 0, 0, 0, 0, 0, 0, 0, 2, 4, 14908
"c:\GitHub\Terraria-Clone\rlImGui-main\extras\IconsFontAwesome6.h", "C++", 1391, 0, 0, 0, 0, 0, 0, 0, 0, 0, 0, 0, 0, 0, 3, 3, 1397
"c:\GitHub\Terraria-Clone\rlImGui-main\imgui_impl_raylib.h", "C++", 9, 0, 0, 0, 0, 0, 0, 0, 0, 0, 0, 0, 0, 0, 39, 6, 54
"c:\GitHub\Terraria-Clone\rlImGui-main\premake-VisualStudio.bat", "Batch", 0, 2, 0, 0, 0, 0, 0, 0, 0, 0, 0, 0, 0, 0, 0, 1, 3
"c:\GitHub\Terraria-Clone\rlImGui-main\premake-mingw.bat", "Batch", 0, 2, 0, 0, 0, 0, 0, 0, 0, 0, 0, 0, 0, 0, 0, 1, 3
"c:\GitHub\Terraria-Clone\rlImGui-main\premake5.lua", "Lua", 0, 0, 0, 189, 0, 0, 0, 0, 0, 0, 0, 0, 0, 0, 0, 37, 226
"c:\GitHub\Terraria-Clone\rlImGui-main\raylib_premake5.lua", "Lua", 0, 0, 0, 85, 0, 0, 0, 0, 0, 0, 0, 0, 0, 0, 22, 28, 135
"c:\GitHub\Terraria-Clone\rlImGui-main\rlImGui.cpp", "C++", 734, 0, 0, 0, 0, 0, 0, 0, 0, 0, 0, 0, 0, 0, 37, 169, 940
"c:\GitHub\Terraria-Clone\rlImGui-main\rlImGui.h", "C++", 46, 0, 0, 0, 0, 0, 0, 0, 0, 0, 0, 0, 0, 0, 123, 27, 196
"c:\GitHub\Terraria-Clone\rlImGui-main\rlImGuiColors.h", "C++", 14, 0, 0, 0, 0, 0, 0, 0, 0, 0, 0, 0, 0, 0, 29, 5, 48
"c:\GitHub\Terraria-Clone\src\collider.cpp", "C++", 17, 0, 0, 0, 0, 0, 0, 0, 0, 0, 0, 0, 0, 0, 0, 7, 24
"c:\GitHub\Terraria-Clone\src\entity.cpp", "C++", 3, 0, 0, 0, 0, 0, 0, 0, 0, 0, 0, 0, 0, 0, 0, 4, 7
"c:\GitHub\Terraria-Clone\src\entityManager.cpp", "C++", 9, 0, 0, 0, 0, 0, 0, 0, 0, 0, 0, 0, 0, 0, 0, 3, 12
"c:\GitHub\Terraria-Clone\src\game.cpp", "C++", 46, 0, 0, 0, 0, 0, 0, 0, 0, 0, 0, 0, 0, 0, 0, 26, 72
"c:\GitHub\Terraria-Clone\src\inputManager.cpp", "C++", 16, 0, 0, 0, 0, 0, 0, 0, 0, 0, 0, 0, 0, 0, 0, 6, 22
"c:\GitHub\Terraria-Clone\src\player.cpp", "C++", 48, 0, 0, 0, 0, 0, 0, 0, 0, 0, 0, 0, 0, 0, 1, 18, 67
"c:\GitHub\Terraria-Clone\src\textureManager.cpp", "C++", 40, 0, 0, 0, 0, 0, 0, 0, 0, 0, 0, 0, 0, 0, 0, 17, 57
"c:\GitHub\Terraria-Clone\src\worldManager.cpp", "C++", 39, 0, 0, 0, 0, 0, 0, 0, 0, 0, 0, 0, 0, 0, 0, 14, 53
"Total", "-", 95708, 9, 2574, 274, 110, 146, 366, 607, 4189, 1830, 65, 65, 21, 2, 23621, 14549, 144136